{
  "totalStats": {
    "artists": {
      "distinctCount": 45
    },
    "tracks": {
      "distinctCount": 202,
      "totalMinutes": 143003,
      "totalPlays": 453,
      "totalPlayDays": 23,
      "consecutiveDays": 0
    },
    "podcasts": {
      "distinctCount": 4,
      "totalMinutes": 441
    },
    "podcastEpisodes": {
      "distinctCount": 11
    },
    "alexa": {
      "totalMinutes": 490
    }
  },
  "topTracks": [
    {
      "id": "B0CQRWN5QT",
      "count": 13,
      "minutes": 32,
      "countPercentile": 5,
      "playDays": 6
    },
    {
      "id": "B01LXAA72R",
      "count": 13,
      "minutes": 38,
      "countPercentile": null,
      "playDays": 6
    },
    {
      "id": "B077TD3696",
      "count": 13,
      "minutes": 39,
      "countPercentile": null,
      "playDays": 6
    },
    {
      "id": "B08W8ZFD22",
      "count": 13,
      "minutes": 37,
      "countPercentile": null,
      "playDays": 6
    },
    {
      "id": "B09DK3PYJD",
      "count": 13,
      "minutes": 27,
      "countPercentile": null,
      "playDays": 6
    },
    {
      "id": "B0C6WQRDGQ",
      "count": 12,
      "minutes": 49,
      "countPercentile": null,
      "playDays": 6
    },
    {
      "id": "B07SYZKYSW",
      "count": 9,
      "minutes": 33,
      "countPercentile": null,
      "playDays": 6
    },
    {
      "id": "B0011Z4Z3G",
      "count": 8,
      "minutes": 39,
      "countPercentile": null,
      "playDays": 5
    },
    {
      "id": "B073RZHL1X",
      "count": 8,
      "minutes": 29,
      "countPercentile": null,
      "playDays": 6
    },
    {
      "id": "B09WTMMYTS",
      "count": 8,
      "minutes": 25,
      "countPercentile": null,
      "playDays": 5
    }
  ],
  "topAlbums": [
    {
      "id": "B07SYHQPPD",
      "minutes": 56
    },
    {
      "id": "B08W8KS777",
      "minutes": 56
    },
    {
      "id": "B0C6X31KXG",
      "minutes": 49
    },
    {
      "id": "B0011Z8S8E",
      "minutes": 39
    },
    {
      "id": "B078C7GQYY",
      "minutes": 39
    },
    {
      "id": "B01LXAA8YF",
      "minutes": 38
    }
  ],
  "topArtists": [
    {
      "id": "B01HFUTKDK",
      "count": 68,
      "minutes": 217,
      "minutesPercentile": 4,
      "tracks": [
        {
          "id": "B08W8ZFD22",
          "count": 13
        },
        {
          "id": "B0C6WQRDGQ",
          "count": 12
        },
        {
          "id": "B07SYZKYSW",
          "count": 9
        },
        {
          "id": "B08W92DXXM",
          "count": 5
        },
        {
          "id": "B0C66MXGB5",
          "count": 4
        }
      ]
    },
    {
      "id": "B00QNUADXK",
      "count": 26,
      "minutes": 62,
      "minutesPercentile": null,
      "tracks": [
        {
          "id": "B07FSXMG6X",
          "count": 4
        },
        {
          "id": "B07FT1J58D",
          "count": 3
        },
        {
          "id": "B07FSQB3R2",
          "count": 2
        },
        {
          "id": "B07FT8VBZB",
          "count": 2
        },
        {
          "id": "B09DG74JSN",
          "count": 2
        }
      ]
    },
    {
      "id": "B000YBCXDC",
      "count": 17,
      "minutes": 46,
      "minutesPercentile": 100,
      "tracks": [
        {
          "id": "B07VCZTVM2",
          "count": 3
        },
        {
          "id": "B07VBV1R1K",
          "count": 2
        },
        {
          "id": "B07VH6XRVZ",
          "count": 2
        },
        {
          "id": "B07VJ7XMV8",
          "count": 2
        },
        {
          "id": "B003Y3SQFQ",
          "count": 1
        }
      ]
    },
    {
      "id": "B0015H24HO",
      "count": 15,
      "minutes": 45,
      "minutesPercentile": 50,
      "tracks": [
        {
          "id": "B077TD3696",
          "count": 13
        },
        {
          "id": "B00JLJ185C",
          "count": 1
        },
        {
          "id": "B01NASB7AU",
          "count": 1
        }
      ]
    },
    {
      "id": "B002F0BWIM",
      "count": 16,
      "minutes": 42,
      "minutesPercentile": null,
      "tracks": [
        {
          "id": "B004LQW0NO",
          "count": 13
        },
        {
          "id": "B08XYB3L8X",
          "count": 3
        }
      ]
    }
  ],
  "topGenres": [
    {
      "id": "aFyug8oD",
      "count": 157,
      "minutes": 1126,
      "tracks": [
        {
          "id": "B004LQW0NO",
          "count": 13
        },
        {
          "id": "B01LXAA72R",
          "count": 13
        },
        {
          "id": "B077TD3696",
          "count": 13
        },
        {
          "id": "B08W8ZFD22",
          "count": 13
        },
        {
          "id": "B09DK3PYJD",
          "count": 13
        }
      ]
    },
    {
      "id": "2THZZDuI",
      "count": 42,
      "minutes": 211,
      "tracks": [
        {
          "id": "B004LQW0NO",
          "count": 13
        },
        {
          "id": "B0043ZBIOU",
          "count": 3
        },
        {
          "id": "B00GNK1G5O",
          "count": 3
        },
        {
          "id": "B015GL98TQ",
          "count": 3
        },
        {
          "id": "B077H83S3T",
          "count": 3
        }
      ]
    },
    {
      "id": "fPLnpcp-",
      "count": 41,
      "minutes": 299,
      "tracks": [
        {
          "id": "B077TD3696",
          "count": 13
        },
        {
          "id": "B07SYZKYSW",
          "count": 9
        },
        {
          "id": "B08WDN4HMG",
          "count": 5
        },
        {
          "id": "B0B69HCQJN",
          "count": 5
        },
        {
          "id": "B00137ODBG",
          "count": 3
        }
      ]
    },
    {
      "id": "NuO7Hlm6",
      "count": 38,
      "minutes": 379,
      "tracks": [
        {
          "id": "B0011Z4Z3G",
          "count": 16
        },
        {
          "id": "B0C66MXGB5",
          "count": 8
        },
        {
          "id": "B07VRTXQ3F",
          "count": 6
        },
        {
          "id": "B08Q8GWGN6",
          "count": 6
        },
        {
          "id": "B0C9H1BPWB",
          "count": 6
        }
      ]
    },
    {
      "id": "3lAa5np2",
      "count": 34,
      "minutes": 332,
      "tracks": [
        {
          "id": "B08W8ZFD22",
          "count": 13
        },
        {
          "id": "B09DK3PYJD",
          "count": 13
        },
        {
          "id": "B07SYZKYSW",
          "count": 9
        },
        {
          "id": "B0011Z4Z3G",
          "count": 8
        },
        {
          "id": "B09WTMMYTS",
          "count": 8
        }
      ]
    }
  ],
  "topDecades": [
    {
      "id": "2020s",
      "count": 208,
      "minutes": 639,
      "tracks": [
        {
          "id": "B08W8ZFD22",
          "count": 13
        },
        {
          "id": "B09DK3PYJD",
          "count": 13
        },
        {
          "id": "B0C6WQRDGQ",
          "count": 12
        },
        {
          "id": "B09WTMMYTS",
          "count": 8
        },
        {
          "id": "B0B52N7XY7",
          "count": 8
        },
        {
          "id": "B0CJ3S5PDW",
          "count": 8
        },
        {
          "id": "B09CQF54JK",
          "count": 7
        },
        {
          "id": "B0BG6MKX23",
          "count": 7
        },
        {
          "id": "B0C9FW284Q",
          "count": 7
        },
        {
          "id": "B08W92DXXM",
          "count": 5
        }
      ]
    }
  ],
  "topAlexaRequests": [
    {
      "id": "B08NPGFN4W",
      "count": 79,
      "minutes": 1434,
      "entityType": "ARTIST"
    },
    {
      "id": "B079DY61KC",
      "count": 21,
      "minutes": 866,
      "entityType": "ARTIST"
    }
  ],
  "topNewArtistDiscovery": [
    {
      "id": "B000QJRK6W",
      "minutes": 491.0,
      "timestamp": "1717200000",
      "tracks": [
        {
          "id": "B003A95JT0",
          "count": 9
        },
        {
          "id": "B003A95K4Y",
          "count": 9
        },
        {
          "id": "B003A9A5TO",
          "count": 9
        },
        {
          "id": "B09TPY3V51",
          "count": 9
        },
        {
          "id": "B003A97AQA",
          "count": 8
        }
      ]
    }
  ],
  "topEarlyAlbumDiscovery": [
    {
      "id": "B0DF9L2QMT",
      "minutes": 43,
      "count": 14,
      "rank": 15788,
      "tracks": []
    }
  ],
  "firstHalf": {
    "count": 105,
    "peakMonth": 4,
    "peakMonthPlays": 70,
    "topTrack": "B0CNQ8LRP8"
  },
  "secondHalf": {
    "count": 13,
    "peakMonth": 8,
    "peakMonthPlays": 13,
    "topTrack": "B01LXAA72R"
  },
  "topPodcasts": [
    {
      "id": "336a989f-5606-4542-950a-d6cec4479d1d",
      "count": 3,
      "minutes": 165,
      "minutesPercentile": 10
    },
    {
      "id": "e2944e70-fe00-4d81-96bd-2fdb95bf4090",
      "count": 3,
      "minutes": 164,
      "minutesPercentile": null
    },
    {
      "id": "6d261659-cc8d-478c-b052-19dfeb25dcf5",
      "count": 5,
      "minutes": 110,
      "minutesPercentile": null
    },
    {
      "id": "267a4376-5399-47b0-9333-4d5b558ece18",
      "count": 1,
      "minutes": 2,
      "minutesPercentile": null
    }
  ],
  "topPodcastCategories": [
    {
      "id": "dmp.category.01f6de50-32ee-45f7-a61f-0a2830f93d2e",
      "count": 11,
      "minutes": 439
    },
    {
      "id": "dmp.category.2c48db67-78c0-4981-adf3-b33cac18d3a3",
      "count": 1,
      "minutes": 2
    }
  ],
  "topPlaylists": [
    {
      "id": "B0CVJWPTLP",
      "minutes": 863,
      "playDays": 6
    },
    {
      "id": "B0CZBV3GSN",
      "minutes": 33,
      "playDays": 2
    },
    {
      "id": "B0DLNJ7SSZ",
      "minutes": 10,
      "playDays": 2
    },
    {
      "id": "PP191BF0ED5D0240379789F5E2643F9A1C",
      "minutes": 6,
      "playDays": 6
    }
  ],
  "customerId": "A2H6CQQG25DS5V",
  "eligibility": true
}
