{
  "totalStats": {
    "artists": {
      "distinctCount": 30
    },
    "tracks": {
      "distinctCount": 145,
      "totalMinutes": 1225,
      "totalPlays": 400,
      "totalPlayDays": 14,
      "consecutiveDays": 0
    },
    "podcasts": {
      "distinctCount": 6,
      "totalMinutes": 1525
    },
    "podcastEpisodes": {
      "distinctCount": 26
    },
    "alexa": {
      "totalMinutes": 60
    }
  },
  "topTracks": [
    {
      "id": "B07ZFW4HV3",
      "count": 13,
      "minutes": 28,
      "countPercentile": 8,
      "playDays": 8
    },
    {
      "id": "B0C62GKNFF",
      "count": 12,
      "minutes": 26,
      "countPercentile": 41,
      "playDays": 7
    },
    {
      "id": "B0BSVNKHYM",
      "count": 11,
      "minutes": 19,
      "countPercentile": 52,
      "playDays": 6
    },
    {
      "id": "B0C9FZ6JQH",
      "count": 11,
      "minutes": 28,
      "countPercentile": 38,
      "playDays": 7
    },
    {
      "id": "B0CJGXP2HC",
      "count": 11,
      "minutes": 27,
      "countPercentile": 36,
      "playDays": 6
    },
    {
      "id": "B0CN3SF8R1",
      "count": 10,
      "minutes": 17,
      "countPercentile": 60,
      "playDays": 6
    },
    {
      "id": "B0CG2LC9WD",
      "count": 8,
      "minutes": 23,
      "countPercentile": 50,
      "playDays": 6
    },
    {
      "id": "B0CGW3KZ52",
      "count": 8,
      "minutes": 30,
      "countPercentile": 33,
      "playDays": 7
    },
    {
      "id": "B0BNY13CRW",
      "count": 7,
      "minutes": 17,
      "countPercentile": 47,
      "playDays": 6
    },
    {
      "id": "B0C1RDB8M8",
      "count": 7,
      "minutes": 24,
      "countPercentile": 39,
      "playDays": 6
    }
  ],
  "topAlbums": [
    {
      "id": "B0C9FZF5K6",
      "minutes": 61
    },
    {
      "id": "B0C62H6LK6",
      "minutes": 52
    },
    {
      "id": "B0CJH7JZV8",
      "minutes": 46
    },
    {
      "id": "B0BWS89W3Q",
      "minutes": 37
    },
    {
      "id": "B0CGWMSM84",
      "minutes": 30
    },
    {
      "id": "B0BS2SB6RC",
      "minutes": 28
    }
  ],
  "topArtists": [
    {
      "id": "B00157GJ20",
      "count": 41,
      "minutes": 138,
      "minutesPercentile": 4,
      "tracks": [
        {
          "id": "B0CJGXP2HC",
          "count": 11
        },
        {
          "id": "B0C66MXGB5",
          "count": 7
        },
        {
          "id": "B0C6X3LYQQ",
          "count": 6
        },
        {
          "id": "B0BYKFGSD3",
          "count": 4
        },
        {
          "id": "B0CJH8LVP3",
          "count": 4
        }
      ]
    },
    {
      "id": "B06WP75FR9",
      "count": 25,
      "minutes": 74,
      "minutesPercentile": 51,
      "tracks": [
        {
          "id": "B0C9FZ6JQH",
          "count": 11
        },
        {
          "id": "B0C9FW284Q",
          "count": 5
        },
        {
          "id": "B0C9G1WHVM",
          "count": 5
        },
        {
          "id": "B0CMCFGQB8",
          "count": 4
        }
      ]
    },
    {
      "id": "B00137NS0S",
      "count": 21,
      "minutes": 51,
      "minutesPercentile": 63,
      "tracks": [
        {
          "id": "B0BS2S4WXN",
          "count": 13
        },
        {
          "id": "B0CG2LC9WD",
          "count": 8
        }
      ]
    },
    {
      "id": "B0143OIF9G",
      "count": 19,
      "minutes": 48,
      "minutesPercentile": 71,
      "tracks": [
        {
          "id": "B0C62GKNFF",
          "count": 12
        },
        {
          "id": "B0CM7KLB1C",
          "count": 6
        },
        {
          "id": "B0CXY8ZYMD",
          "count": 1
        }
      ]
    },
    {
      "id": "B0015H24HO",
      "count": 11,
      "minutes": 37,
      "minutesPercentile": 88,
      "tracks": [
        {
          "id": "B0BWS7H6MZ",
          "count": 6
        },
        {
          "id": "B0BWS8RXWX",
          "count": 5
        }
      ]
    }
  ],
  "topGenres": [
    {
      "id": "aFyug8oD",
      "count": 92,
      "minutes": 1042,
      "tracks": [
        {
          "id": "B0BS2S4WXN",
          "count": 13
        },
        {
          "id": "B0C62GKNFF",
          "count": 12
        },
        {
          "id": "B0BSVNKHYM",
          "count": 11
        },
        {
          "id": "B0C9FZ6JQH",
          "count": 11
        },
        {
          "id": "B0CJGXP2HC",
          "count": 11
        }
      ]
    },
    {
      "id": "fPLnpcp-",
      "count": 37,
      "minutes": 425,
      "tracks": [
        {
          "id": "B0C9FZ6JQH",
          "count": 11
        },
        {
          "id": "B0CJGXP2HC",
          "count": 11
        },
        {
          "id": "B0CG2LC9WD",
          "count": 8
        },
        {
          "id": "B0C1RDB8M8",
          "count": 7
        },
        {
          "id": "B0C7DQCSMF",
          "count": 7
        }
      ]
    },
    {
      "id": "za-1TQ7u",
      "count": 36,
      "minutes": 231,
      "tracks": [
        {
          "id": "B0CGW3KZ52",
          "count": 8
        },
        {
          "id": "B0C62GR3RR",
          "count": 7
        },
        {
          "id": "B0CMZ1BZ64",
          "count": 7
        },
        {
          "id": "B0BV3FC9XB",
          "count": 6
        },
        {
          "id": "B0C4SQXJ5T",
          "count": 6
        }
      ]
    },
    {
      "id": "NuO7Hlm6",
      "count": 27,
      "minutes": 740,
      "tracks": [
        {
          "id": "B0BS2S4WXN",
          "count": 26
        },
        {
          "id": "B0C9FZ6JQH",
          "count": 22
        },
        {
          "id": "B0BNY13CRW",
          "count": 14
        },
        {
          "id": "B0C1RDB8M8",
          "count": 14
        },
        {
          "id": "B0C66MXGB5",
          "count": 14
        }
      ]
    },
    {
      "id": "timGTvCN",
      "count": 27,
      "minutes": 90,
      "tracks": [
        {
          "id": "B002PAVWQO",
          "count": 1
        },
        {
          "id": "B00V94I1DY",
          "count": 1
        },
        {
          "id": "B079DCSKCF",
          "count": 1
        },
        {
          "id": "B07HBS2LFH",
          "count": 1
        },
        {
          "id": "B07QY2MTXY",
          "count": 1
        }
      ]
    }
  ],
  "topDecades": [
    {
      "id": "2020s",
      "count": 369,
      "minutes": 1105,
      "tracks": [
        {
          "id": "B0BS2S4WXN",
          "count": 13
        },
        {
          "id": "B0C62GKNFF",
          "count": 12
        },
        {
          "id": "B0BSVNKHYM",
          "count": 11
        },
        {
          "id": "B0C9FZ6JQH",
          "count": 11
        },
        {
          "id": "B0CJGXP2HC",
          "count": 11
        }
      ]
    }
  ],
  "topAlexaRequests": [
    {
      "id": "B000QKO05A",
      "count": 7,
      "minutes": 8,
      "entityType": "ARTIST"
    }
  ],
  "topNewArtistDiscovery": [
    {
      "id": "B001LYTVPE",
      "minutes": 5167.0,
      "timestamp": "1704067200",
      "tracks": [
        {
          "id": "B0C2ZCHB4M",
          "count": 13
        },
        {
          "id": "B0C2ZDQ3ZQ",
          "count": 13
        },
        {
          "id": "B0C2ZF4H8S",
          "count": 13
        }
      ]
    }
  ],
  "topEarlyAlbumDiscovery": [
    {
      "id": "B0CZ889KN2",
      "minutes": 44,
      "count": 12,
      "rank": 258873.0,
      "tracks": [
        {
          "id": "B0CZ86YQSX",
          "count": 12
        }
      ]
    }
  ],
  "firstHalf": {
    "count": 9,
    "peakMonth": 1,
    "peakMonthPlays": 1,
    "topTrack": "B002PAVWQO"
  },
  "secondHalf": {
    "count": 12,
    "peakMonth": 8,
    "peakMonthPlays": 11,
    "topTrack": "B0C62GKNFF"
  },
  "topPodcasts": [
    {
      "id": "8fa203db-927f-4c3b-82a2-9fe844609a4e",
      "count": 6,
      "minutes": 742,
      "minutesPercentile": 7
    },
    {
      "id": "447b0886-c4bc-479b-8f01-60a5887bfc3a",
      "count": 9,
      "minutes": 50,
      "minutesPercentile": 11
    },
    {
      "id": "90c65aee-3db8-4bd1-bf28-42a85342bfe7",
      "count": 5,
      "minutes": 40,
      "minutesPercentile": 44
    },
    {
      "id": "af5c50e3-f556-46b2-b9ab-42650825f4db",
      "count": 4,
      "minutes": 30,
      "minutesPercentile": 28
    },
    {
      "id": "1fa65743-db40-4ecb-802c-62b8eaa90a74",
      "count": 1,
      "minutes": 11,
      "minutesPercentile": 100
    }
  ],
  "topPodcastCategories": [
    {
      "id": "dmp.category.c51cf213-bf73-4fd4-8535-36b3a223581d",
      "count": 7,
      "minutes": 749
    },
    {
      "id": "dmp.category.04be36e3-032b-41b9-8153-7588c5f342de",
      "count": 10,
      "minutes": 354
    },
    {
      "id": "dmp.category.01f6de50-32ee-45f7-a61f-0a2830f93d2e",
      "count": 5,
      "minutes": 295
    },
    {
      "id": "dmp.category.1c80e11d-563b-48e8-9b7b-7f540cc23372",
      "count": 4,
      "minutes": 125
    }
  ],
  "topPlaylists": [
    {
      "id": "B0CQC8PJ57",
      "minutes": 841,
      "playDays": 6
    },
    {
      "id": "PP6FB0B770437D418FA9828FE2FF26820E",
      "minutes": 27,
      "playDays": 3
    }
  ],
  "customerId": "A2EDYUFJ0FQGJT",
  "eligibility": true
}